{
    "name": "root",
    "gauges": {
        "WhiteMLAgent.Policy.Entropy.mean": {
            "value": 140.7815704345703,
            "min": 140.7815704345703,
            "max": 140.7815704345703,
            "count": 1
        },
        "WhiteMLAgent.Policy.Entropy.sum": {
            "value": 1079231.5,
            "min": 1079231.5,
            "max": 1079231.5,
            "count": 1
        },
        "WhiteMLAgent.Step.mean": {
            "value": 79986.0,
            "min": 79986.0,
            "max": 79986.0,
            "count": 1
        },
        "WhiteMLAgent.Step.sum": {
            "value": 79986.0,
            "min": 79986.0,
            "max": 79986.0,
            "count": 1
        },
        "WhiteMLAgent.Policy.ExtrinsicValueEstimate.mean": {
            "value": -2618.172607421875,
            "min": -2618.172607421875,
            "max": -2618.172607421875,
            "count": 1
        },
        "WhiteMLAgent.Policy.ExtrinsicValueEstimate.sum": {
            "value": -405816.75,
            "min": -405816.75,
            "max": -405816.75,
            "count": 1
        },
        "WhiteMLAgent.Environment.EpisodeLength.mean": {
            "value": 102.26027397260275,
            "min": 102.26027397260275,
            "max": 102.26027397260275,
            "count": 1
        },
        "WhiteMLAgent.Environment.EpisodeLength.sum": {
            "value": 7465.0,
            "min": 7465.0,
            "max": 7465.0,
            "count": 1
        },
        "WhiteMLAgent.Environment.CumulativeReward.mean": {
            "value": -6504.8493150684935,
            "min": -6504.8493150684935,
            "max": -6504.8493150684935,
            "count": 1
        },
        "WhiteMLAgent.Environment.CumulativeReward.sum": {
            "value": -474854.0,
            "min": -474854.0,
            "max": -474854.0,
            "count": 1
        },
        "WhiteMLAgent.Policy.ExtrinsicReward.mean": {
            "value": -6504.8493150684935,
            "min": -6504.8493150684935,
            "max": -6504.8493150684935,
            "count": 1
        },
        "WhiteMLAgent.Policy.ExtrinsicReward.sum": {
            "value": -474854.0,
            "min": -474854.0,
            "max": -474854.0,
            "count": 1
        },
        "WhiteMLAgent.Losses.PolicyLoss.mean": {
            "value": 0.2527235746450657,
            "min": 0.2527235746450657,
            "max": 0.2527235746450657,
            "count": 1
        },
        "WhiteMLAgent.Losses.PolicyLoss.sum": {
            "value": 14.910690904058875,
            "min": 14.910690904058875,
            "max": 14.910690904058875,
            "count": 1
        },
        "WhiteMLAgent.Losses.ValueLoss.mean": {
            "value": 1321984.2819644567,
            "min": 1321984.2819644567,
            "max": 1321984.2819644567,
            "count": 1
        },
        "WhiteMLAgent.Losses.ValueLoss.sum": {
            "value": 77997072.63590294,
            "min": 77997072.63590294,
            "max": 77997072.63590294,
            "count": 1
        },
        "WhiteMLAgent.Policy.LearningRate.mean": {
            "value": 0.0002542503305041322,
            "min": 0.0002542503305041322,
            "max": 0.0002542503305041322,
            "count": 1
        },
        "WhiteMLAgent.Policy.LearningRate.sum": {
            "value": 0.015000769499743797,
            "min": 0.015000769499743797,
            "max": 0.015000769499743797,
            "count": 1
        },
        "WhiteMLAgent.Policy.Epsilon.mean": {
            "value": 0.18475010508474576,
            "min": 0.18475010508474576,
            "max": 0.18475010508474576,
            "count": 1
        },
        "WhiteMLAgent.Policy.Epsilon.sum": {
            "value": 10.9002562,
            "min": 10.9002562,
            "max": 10.9002562,
            "count": 1
        },
        "WhiteMLAgent.Policy.Beta.mean": {
            "value": 0.0005,
            "min": 0.0005,
            "max": 0.0005,
            "count": 1
        },
        "WhiteMLAgent.Policy.Beta.sum": {
            "value": 0.029500000000000002,
            "min": 0.029500000000000002,
            "max": 0.029500000000000002,
            "count": 1
        },
        "WhiteMLAgent.IsTraining.mean": {
            "value": 1.0,
            "min": 1.0,
            "max": 1.0,
            "count": 1
        },
        "WhiteMLAgent.IsTraining.sum": {
            "value": 1.0,
            "min": 1.0,
            "max": 1.0,
            "count": 1
        },
        "BlackMLAgent.Policy.Entropy.mean": {
            "value": 134.71173095703125,
            "min": 134.71173095703125,
            "max": 134.71173095703125,
            "count": 1
        },
        "BlackMLAgent.Policy.Entropy.sum": {
            "value": 1088470.75,
            "min": 1088470.75,
            "max": 1088470.75,
            "count": 1
        },
        "BlackMLAgent.Step.mean": {
            "value": 79985.0,
            "min": 79985.0,
            "max": 79985.0,
            "count": 1
        },
        "BlackMLAgent.Step.sum": {
            "value": 79985.0,
            "min": 79985.0,
            "max": 79985.0,
            "count": 1
        },
        "BlackMLAgent.Policy.ExtrinsicValueEstimate.mean": {
            "value": -2290.000732421875,
            "min": -2290.000732421875,
            "max": -2290.000732421875,
            "count": 1
        },
        "BlackMLAgent.Policy.ExtrinsicValueEstimate.sum": {
            "value": -377850.125,
            "min": -377850.125,
            "max": -377850.125,
            "count": 1
        },
        "BlackMLAgent.Environment.EpisodeLength.mean": {
            "value": 102.27272727272727,
            "min": 102.27272727272727,
            "max": 102.27272727272727,
            "count": 1
        },
        "BlackMLAgent.Environment.EpisodeLength.sum": {
            "value": 7875.0,
            "min": 7875.0,
            "max": 7875.0,
            "count": 1
        },
        "BlackMLAgent.Environment.CumulativeReward.mean": {
            "value": -5719.662337662337,
            "min": -5719.662337662337,
            "max": -5719.662337662337,
            "count": 1
        },
        "BlackMLAgent.Environment.CumulativeReward.sum": {
            "value": -440414.0,
            "min": -440414.0,
            "max": -440414.0,
            "count": 1
        },
        "BlackMLAgent.Policy.ExtrinsicReward.mean": {
            "value": -5719.662337662337,
            "min": -5719.662337662337,
            "max": -5719.662337662337,
            "count": 1
        },
        "BlackMLAgent.Policy.ExtrinsicReward.sum": {
            "value": -440414.0,
            "min": -440414.0,
            "max": -440414.0,
            "count": 1
        },
        "BlackMLAgent.Losses.PolicyLoss.mean": {
            "value": 0.24354964513287863,
            "min": 0.24354964513287863,
            "max": 0.24354964513287863,
            "count": 1
        },
        "BlackMLAgent.Losses.PolicyLoss.sum": {
            "value": 14.856528353105597,
            "min": 14.856528353105597,
            "max": 14.856528353105597,
            "count": 1
        },
        "BlackMLAgent.Losses.ValueLoss.mean": {
            "value": 1744141.2157232363,
            "min": 1744141.2157232363,
            "max": 1744141.2157232363,
            "count": 1
        },
        "BlackMLAgent.Losses.ValueLoss.sum": {
            "value": 106392614.15911742,
            "min": 106392614.15911742,
            "max": 106392614.15911742,
            "count": 1
        },
        "BlackMLAgent.Policy.LearningRate.mean": {
            "value": 0.0002543871397944557,
            "min": 0.0002543871397944557,
            "max": 0.0002543871397944557,
            "count": 1
        },
        "BlackMLAgent.Policy.LearningRate.sum": {
            "value": 0.015517615527461797,
            "min": 0.015517615527461797,