{
    "name": "root",
    "metadata": {
        "timer_format_version": "0.1.0",
        "start_time_seconds": "1718218828",
        "python_version": "3.9.13 (tags/v3.9.13:6de2ca5, May 17 2022, 16:36:42) [MSC v.1929 64 bit (AMD64)]",
        "command_line_arguments": "D:\\GitHub\\UnityChess\\venv\\Scripts\\mlagents-learn config/twoAgents.yaml --run-id=NewTwoAgentsFullBoardActionKeepAfterFail --resume",
        "mlagents_version": "0.30.0",
        "mlagents_envs_version": "0.30.0",
        "communication_protocol_version": "1.5.0",
        "pytorch_version": "1.11.0+cpu",
        "numpy_version": "1.21.2",
        "end_time_seconds": "1718219272"
    },
    "total": 443.4814875,
    "count": 1,
    "self": 0.0067459000000553715,
    "children": {
        "run_training.setup": {
            "total": 0.09514690000000003,
            "count": 1,
            "self": 0.09514690000000003
        },
        "TrainerController.start_learning": {
            "total": 443.3795947,
            "count": 1,
            "self": 0.08087650000055646,
            "children": {
                "TrainerController._reset_env": {
                    "total": 8.973381400000001,
                    "count": 1,
                    "self": 8.973381400000001
                },
                "TrainerController.advance": {
                    "total": 423.0973634999994,
                    "count": 3482,
                    "self": 0.08874450000007528,
                    "children": {
                        "env_step": {
                            "total": 388.7392567999981,
                            "count": 3482,
                            "self": 329.2227910999955,
                            "children": {
                                "SubprocessEnvManager._take_step": {
                                    "total": 59.46746590000268,
                                    "count": 3482,
                                    "self": 0.2677327000026466,
                                    "children": {
                                        "TorchPolicy.evaluate": {
                                            "total": 59.19973320000003,
                                            "count": 3482,
                                            "self": 59.19973320000003
                                        }
                                    }
                                },
                                "workers": {
                                    "total": 0.048999799999922544,
                                    "count": 3482,
                                    "self": 0.0,
                                    "children": {
                                        "worker_root": {
                                            "total": 422.93952509999895,
                                            "count": 3482,
                                            "is_parallel": true,
                                            "self": 98.6603092999975,
                                            "children": {
                                                "steps_from_proto": {
                                                    "total": 0.00044360000000054356,
                                                    "count": 1,
                                                    "is_parallel": true,
                                                    "self": 0.00028050000000057196,
                                                    "children": {
                                                        "_process_rank_one_or_two_observation": {
                                                            "total": 0.0001630999999999716,
                                                            "count": 2,
                                                            "is_parallel": true,
                                                            "self": 0.0001630999999999716
                                                        }
                                                    }
                                                },
                                                "UnityEnvironment.step": {
                                                    "total": 324.27877220000147,
                                                    "count": 3482,
                                                    "is_parallel": true,
                                                    "self": 0.3803619999989678,
                                                    "children": {
                                                        "UnityEnvironment._generate_step_input": {
                                                            "total": 0.32409130000006314,
                                                            "count": 3482,
                                                            "is_parallel": true,
                                                            "self": 0.32409130000006314
                                                        },
                                                        "communicator.exchange": {
                                                            "total": 322.1635070000001,
                                                            "count": 3482,
                                                            "is_parallel": true,
                                                            "self": 322.1635070000001
                                                        },
                                                        "steps_from_proto": {
                                                            "total": 1.4108119000023027,
                                                            "count": 6964,
                                                            "is_parallel": true,
                                                            "self": 1.0233117000020524,
                                                            "children": {
                                                                "_process_rank_one_or_two_observation": {
                                                                    "total": 0.3875002000002503,
                                                                    "count": 13928,
                                                                    "is_parallel": true,
                                                                    "self": 0.3875002000002503
                                                                }
                                                            }
                                                        }
                                                    }
                                                }
                                            }
                                        }
                                    }
                                }
                            }
                        },
                        "trainer_advance": {
                            "total": 34.269362200001254,
                            "count": 6963,
                            "self": 0.15978619999755495,
                            "children": {
                                "process_trajectory": {
                                    "total": 0.32290800000366104,
                                    "count": 6963,
                                    "self": 0.32290800000366104
                                },
                                "_update_policy": {
                                    "total": 33.786668000000034,
                                    "count": 25,
                                    "self": 0.5329361999995399,
                                    "children": {
                                        "TorchPPOOptimizer.update": {
                                            "total": 33.253731800000494,
                                            "count": 935,