{
    "name": "root",
    "metadata": {
        "timer_format_version": "0.1.0",
        "start_time_seconds": "1687797102",
        "python_version": "3.9.13 (tags/v3.9.13:6de2ca5, May 17 2022, 16:36:42) [MSC v.1929 64 bit (AMD64)]",
        "command_line_arguments": "D:\\GitHub\\UnityChess\\venv\\Scripts\\mlagents-learn config/justWhiteImitationMoreNeuronsAndLayers.yaml --run-id=TrainOnlyWhiteMoreNeuronsAndLayers --resume",
        "mlagents_version": "0.30.0",
        "mlagents_envs_version": "0.30.0",
        "communication_protocol_version": "1.5.0",
        "pytorch_version": "1.11.0+cpu",
        "numpy_version": "1.21.2",
        "end_time_seconds": "1687797182"
    },
    "total": 80.68561340000001,
    "count": 1,
    "self": 0.006378000000012207,
    "children": {
        "run_training.setup": {
            "total": 0.10117260000000017,
            "count": 1,
            "self": 0.10117260000000017
        },
        "TrainerController.start_learning": {
            "total": 80.5780628,
            "count": 1,
            "self": 0.00149990000002731,
            "children": {
                "TrainerController._reset_env": {
                    "total": 10.106190300000002,
                    "count": 1,
                    "self": 9.971635600000003,
                    "children": {
                        "demo_to_buffer": {
                            "total": 0.13455469999999892,
                            "count": 2,
                            "self": 6.469999999580978e-05,
                            "children": {
                                "load_demonstration": {
                                    "total": 0.002733600000000891,
                                    "count": 2,
                                    "self": 0.0023834000000011457,
                                    "children": {
                                        "read_file": {
                                            "total": 0.00035019999999974516,
                                            "count": 2,
                                            "self": 0.00035019999999974516
                                        }
                                    }
                                },
                                "make_demo_buffer": {
                                    "total": 0.13175640000000222,
                                    "count": 2,
                                    "self": 0.02367090000000971,
                                    "children": {
                                        "steps_from_proto": {
                                            "total": 0.10808549999999251,
                                            "count": 708,
                                            "self": 0.07632720000004234,
                                            "children": {
                                                "_process_rank_one_or_two_observation": {
                                                    "total": 0.03175829999995017,
                                                    "count": 1416,
                                                    "self": 0.03175829999995017
                                                }
                                            }
                                        }
                                    }
                                }
                            }
                        }
                    }
                },
                "TrainerController.advance": {
                    "total": 70.09230799999999,
                    "count": 57,
                    "self": 0.0012450999999771284,
                    "children": {
                        "env_step": {
                            "total": 70.01847840000002,
                            "count": 57,
                            "self": 69.87101550000003,
                            "children": {
                                "SubprocessEnvManager._take_step": {
                                    "total": 0.14673569999998648,
                                    "count": 57,
                                    "self": 0.003229299999986779,
                                    "children": {
                                        "TorchPolicy.evaluate": {
                                            "total": 0.1435063999999997,
                                            "count": 57,
                                            "self": 0.1435063999999997
                                        }
                                    }
                                },
                                "workers": {
                                    "total": 0.0007272000000106971,
                                    "count": 56,
                                    "self": 0.0,
                                    "children": {
                                        "worker_root": {
                                            "total": 8.522549499999995,
                                            "count": 56,
                                            "is_parallel": true,
                                            "self": 0.5146256999999927,
                                            "children": {
                                                "steps_from_proto": {
                                                    "total": 0.004280200000000178,
                                                    "count": 1,
                                                    "is_parallel": true,
                                                    "self": 0.001262999999999792,
                                                    "children": {
                                                        "_process_rank_one_or_two_observation": {
                                                            "total": 0.0030172000000003862,
                                                            "count": 2,
                                                            "is_parallel": true,
                                                            "self": 0.0030172000000003862
                                                        }
                                                    }
                                                },
                                                "UnityEnvironment.step": {
                                                    "total": 8.003643600000002,
                                                    "count": 56,
                                                    "is_parallel": true,
                                                    "self": 0.005063499999998555,
                                                    "children": {
                                                        "UnityEnvironment._generate_step_input": {
                                                            "total": 0.004246399999992434,
                                                            "count": 56,
                                                            "is_parallel": true,
                                                            "self": 0.004246399999992434
                                                        },
                                                        "communicator.exchange": {
                                                            "total": 7.976302000000004,
                                                            "count": 56,
                                                            "is_parallel": true,
                                                            "self": 7.976302000000004
                                                        },
                                                        "steps_from_proto": {
                                                            "total": 0.018031700000006978,
                                                            "count": 56,
                                                            "is_parallel": true,