{
    "name": "root",
    "gauges": {
        "WhiteMLAgent.Policy.Entropy.mean": {
            "value": 4.224348545074463,
            "min": 2.439399480819702,
            "max": 4.468008041381836,
            "count": 32
        },
        "WhiteMLAgent.Policy.Entropy.sum": {
            "value": 2116.398681640625,
            "min": 1174.488037109375,
            "max": 2234.00390625,
            "count": 32
        },
        "WhiteMLAgent.Environment.EpisodeLength.mean": {
            "value": 1.004,
            "min": 0.996,
            "max": 1.9298245614035088,
            "count": 32
        },
        "WhiteMLAgent.Environment.EpisodeLength.sum": {
            "value": 251.0,
            "min": 249.0,
            "max": 330.0,
            "count": 32
        },
        "WhiteMLAgent.Step.mean": {
            "value": 41999.0,
            "min": 26498.0,
            "max": 41999.0,
            "count": 32
        },
        "WhiteMLAgent.Step.sum": {
            "value": 41999.0,
            "min": 26498.0,
            "max": 41999.0,
            "count": 32
        },
        "WhiteMLAgent.Policy.ExtrinsicValueEstimate.mean": {
            "value": -994.482177734375,
            "min": -995.7188720703125,
            "max": -984.1845703125,
            "count": 32
        },
        "WhiteMLAgent.Policy.ExtrinsicValueEstimate.sum": {
            "value": -248620.546875,
            "min": -249553.1875,
            "max": -157193.03125,
            "count": 32
        },
        "WhiteMLAgent.Policy.GailValueEstimate.mean": {
            "value": 0.20115165412425995,
            "min": -0.270927369594574,
            "max": 0.3297525644302368,
            "count": 32
        },
        "WhiteMLAgent.Policy.GailValueEstimate.sum": {
            "value": 50.28791427612305,
            "min": -46.87043380737305,
            "max": 58.36620330810547,
            "count": 32
        },
        "WhiteMLAgent.Environment.CumulativeReward.mean": {
            "value": -998.996,
            "min": -999.004,
            "max": -998.0643274853801,
            "count": 32
        },
        "WhiteMLAgent.Environment.CumulativeReward.sum": {
            "value": -249749.0,
            "min": -250750.0,
            "max": -158701.0,
            "count": 32
        },
        "WhiteMLAgent.Policy.ExtrinsicReward.mean": {
            "value": -998.996,
            "min": -999.004,
            "max": -998.0643274853801,
            "count": 32
        },
        "WhiteMLAgent.Policy.ExtrinsicReward.sum": {
            "value": -249749.0,
            "min": -250750.0,
            "max": -158701.0,
            "count": 32
        },
        "WhiteMLAgent.Policy.GailReward.mean": {
            "value": 0.047119879022240636,
            "min": 0.035593691652259195,
            "max": 0.11692507204207235,
            "count": 32
        },
        "WhiteMLAgent.Policy.GailReward.sum": {
            "value": 11.77996975556016,
            "min": 8.86282922141254,
            "max": 18.625813292339444,
            "count": 32
        },
        "WhiteMLAgent.IsTraining.mean": {
            "value": 1.0,
            "min": 1.0,
            "max": 1.0,
            "count": 32
        },
        "WhiteMLAgent.IsTraining.sum": {
            "value": 1.0,
            "min": 1.0,
            "max": 1.0,
            "count": 32
        },
        "WhiteMLAgent.Losses.PolicyLoss.mean": {
            "value": 0.07078139341125886,
            "min": 0.0444034016225487,
            "max": 0.10529539212584496,
            "count": 31
        },
        "WhiteMLAgent.Losses.PolicyLoss.sum": {
            "value": 0.07078139341125886,
            "min": 0.0444034016225487,
            "max": 0.10529539212584496,
            "count": 31
        },
        "WhiteMLAgent.Losses.ValueLoss.mean": {
            "value": 0.16537542988856632,
            "min": 0.16537542988856632,
            "max": 19.486725509166718,
            "count": 31
        },
        "WhiteMLAgent.Losses.ValueLoss.sum": {
            "value": 0.16537542988856632,
            "min": 0.16537542988856632,
            "max": 19.486725509166718,
            "count": 31
        },
        "WhiteMLAgent.Policy.LearningRate.mean": {
            "value": 0.0002750388083203999,
            "min": 0.0002750388083203999,
            "max": 0.0002840742053085999,
            "count": 31
        },
        "WhiteMLAgent.Policy.LearningRate.sum": {
            "value": 0.0002750388083203999,
            "min": 0.0002750388083203999,
            "max": 0.0002840742053085999,
            "count": 31
        },
        "WhiteMLAgent.Policy.Epsilon.mean": {
            "value": 0.19167960000000003,
            "min": 0.19167960000000003,
            "max": 0.1946914,
            "count": 31
        },
        "WhiteMLAgent.Policy.Epsilon.sum": {
            "value": 0.19167960000000003,
            "min": 0.19167960000000003,
            "max": 0.1946914,
            "count": 31
        },
        "WhiteMLAgent.Policy.Beta.mean": {
            "value": 0.0005000000000000002,
            "min": 0.0005000000000000002,
            "max": 0.0005000000000000002,
            "count": 31
        },
        "WhiteMLAgent.Policy.Beta.sum": {
            "value": 0.0005000000000000002,
            "min": 0.0005000000000000002,
            "max": 0.0005000000000000002,
            "count": 31
        },
        "WhiteMLAgent.Policy.GAILPolicyEstimate.mean": {
            "value": 0.0391636644800504,
            "min": 0.03595714283486207,
            "max": 0.07023219962914785,
            "count": 31
        },
        "WhiteMLAgent.Policy.GAILPolicyEstimate.sum": {
            "value": 0.0391636644800504,
            "min": 0.03595714283486207,
            "max": 0.07023219962914785,
            "count": 31
        },
        "WhiteMLAgent.Policy.GAILExpertEstimate.mean": {
            "value": 0.9841953396797181,
            "min": 0.9631264686584473,
            "max": 0.9855489452679952,
            "count": 31
        },
        "WhiteMLAgent.Policy.GAILExpertEstimate.sum": {
            "value": 0.9841953396797181,
            "min": 0.9631264686584473,
            "max": 0.9855489452679952,
            "count": 31
        },
        "WhiteMLAgent.Losses.GAILLoss.mean": {
            "value": 0.056825817873080574,
            "min": 0.05437927693128586,
            "max": 0.12128089815378189,
            "count": 31
        },
        "WhiteMLAgent.Losses.GAILLoss.sum": {
            "value": 0.056825817873080574,
            "min": 0.05437927693128586,
            "max": 0.12128089815378189,
            "count": 31
        },
        "WhiteMLAgent.Policy.GAILGradMagLoss.mean": {
            "value": 0.1461494766175747,
            "min": 0.10660948107639949,
            "max": 0.26485344022512436,
            "count": 31
        },
        "WhiteMLAgent.Policy.GAILGradMagLoss.sum": {
            "value": 0.1461494766175747,
            "min": 0.10660948107639949,
            "max": 0.26485344022512436,
            "count": 31
        },
        "WhiteMLAgent.Losses.PretrainingLoss.mean": {
            "value": 0.26717816293239594,
            "min": 0.26717816293239594,
            "max": 0.5559520324071249,
            "count": 31
        },
        "WhiteMLAgent.Losses.PretrainingLoss.sum": {
            "value": 0.26717816293239594,
            "min": 0.26717816293239594,
            "max": 0.5559520324071249,
            "count": 31
        }
    },
    "metadata": {
        "timer_format_version": "0.1.0",
        "start_time_seconds": "1687725575",
        "python_version": "3.9.13 (tags/v3.9.13:6de2ca5, May 17 2022, 16:36:42) [MSC v.1929 64 bit (AMD64)]",
        "command_line_arguments": "D:\\GitHub\\UnityChess\\venv\\Scripts\\mlagents-learn config/justWhiteImitationMoreNeuronsAndLayers.yaml --run-id=TrainOnlyWhiteMoreNeuronsAndLayers --resume",
        "mlagents_version": "0.30.0",