{
    "name": "root",
    "gauges": {
        "WhiteMLAgent.Policy.Entropy.mean": {
            "value": 2.441638231277466,
            "min": 2.441638231277466,
            "max": 2.441638231277466,
            "count": 1
        },
        "WhiteMLAgent.Policy.Entropy.sum": {
            "value": 24418.82421875,
            "min": 24418.82421875,
            "max": 24418.82421875,
            "count": 1
        },
        "WhiteMLAgent.Environment.EpisodeLength.mean": {
            "value": 0.4976040730757712,
            "min": 0.4976040730757712,
            "max": 0.4976040730757712,
            "count": 1
        },
        "WhiteMLAgent.Environment.EpisodeLength.sum": {
            "value": 3323.0,
            "min": 3323.0,
            "max": 3323.0,
            "count": 1
        },
        "WhiteMLAgent.Step.mean": {
            "value": 9999.0,
            "min": 9999.0,
            "max": 9999.0,
            "count": 1
        },
        "WhiteMLAgent.Step.sum": {
            "value": 9999.0,
            "min": 9999.0,
            "max": 9999.0,
            "count": 1
        },
        "WhiteMLAgent.Policy.ExtrinsicValueEstimate.mean": {
            "value": -893.6763305664062,
            "min": -893.6763305664062,
            "max": -893.6763305664062,
            "count": 1
        },
        "WhiteMLAgent.Policy.ExtrinsicValueEstimate.sum": {
            "value": -5967077.0,
            "min": -5967077.0,
            "max": -5967077.0,
            "count": 1
        },
        "WhiteMLAgent.Policy.GailValueEstimate.mean": {
            "value": 0.0886574536561966,
            "min": 0.0886574536561966,
            "max": 0.0886574536561966,
            "count": 1
        },
        "WhiteMLAgent.Policy.GailValueEstimate.sum": {
            "value": 591.9658203125,
            "min": 591.9658203125,
            "max": 591.9658203125,
            "count": 1
        },
        "WhiteMLAgent.Environment.CumulativeReward.mean": {
            "value": -999.5024711696869,
            "min": -999.5024711696869,
            "max": -999.5024711696869,
            "count": 1
        },
        "WhiteMLAgent.Environment.CumulativeReward.sum": {
            "value": -6673678.0,
            "min": -6673678.0,
            "max": -6673678.0,
            "count": 1
        },
        "WhiteMLAgent.Policy.ExtrinsicReward.mean": {
            "value": -999.5024711696869,
            "min": -999.5024711696869,
            "max": -999.5024711696869,
            "count": 1
        },
        "WhiteMLAgent.Policy.ExtrinsicReward.sum": {
            "value": -6673678.0,
            "min": -6673678.0,
            "max": -6673678.0,
            "count": 1
        },
        "WhiteMLAgent.Policy.GailReward.mean": {
            "value": 0.06636277630367808,
            "min": 0.06636277630367808,
            "max": 0.06636277630367808,
            "count": 1
        },
        "WhiteMLAgent.Policy.GailReward.sum": {
            "value": 443.1042573796585,
            "min": 443.1042573796585,
            "max": 443.1042573796585,
            "count": 1
        },
        "WhiteMLAgent.Losses.PolicyLoss.mean": {
            "value": 0.24781009351152253,
            "min": 0.24781009351152253,
            "max": 0.24781009351152253,
            "count": 1
        },
        "WhiteMLAgent.Losses.PolicyLoss.sum": {
            "value": 24.285389164129207,
            "min": 24.285389164129207,
            "max": 24.285389164129207,
            "count": 1
        },
        "WhiteMLAgent.Losses.ValueLoss.mean": {
            "value": 27941.66312375114,
            "min": 27941.66312375114,
            "max": 27941.66312375114,
            "count": 1
        },
        "WhiteMLAgent.Losses.ValueLoss.sum": {
            "value": 2738282.9861276117,
            "min": 2738282.9861276117,
            "max": 2738282.9861276117,
            "count": 1
        },
        "WhiteMLAgent.Policy.LearningRate.mean": {
            "value": 0.0002969914173293918,
            "min": 0.0002969914173293918,
            "max": 0.0002969914173293918,
            "count": 1
        },
        "WhiteMLAgent.Policy.LearningRate.sum": {
            "value": 0.029105158898280394,
            "min": 0.029105158898280394,
            "max": 0.029105158898280394,
            "count": 1
        },
        "WhiteMLAgent.Policy.Epsilon.mean": {
            "value": 0.19899713877551023,
            "min": 0.19899713877551023,
            "max": 0.19899713877551023,
            "count": 1
        },
        "WhiteMLAgent.Policy.Epsilon.sum": {
            "value": 19.5017196,
            "min": 19.5017196,
            "max": 19.5017196,
            "count": 1
        },
        "WhiteMLAgent.Policy.Beta.mean": {
            "value": 0.0005000000000000002,
            "min": 0.0005000000000000002,
            "max": 0.0005000000000000002,
            "count": 1
        },
        "WhiteMLAgent.Policy.Beta.sum": {
            "value": 0.04900000000000002,
            "min": 0.04900000000000002,
            "max": 0.04900000000000002,
            "count": 1
        },
        "WhiteMLAgent.Policy.GAILPolicyEstimate.mean": {
            "value": 0.0818308873235115,
            "min": 0.0818308873235115,
            "max": 0.0818308873235115,
            "count": 1
        },
        "WhiteMLAgent.Policy.GAILPolicyEstimate.sum": {
            "value": 8.019426957704127,
            "min": 8.019426957704127,
            "max": 8.019426957704127,
            "count": 1
        },
        "WhiteMLAgent.Policy.GAILExpertEstimate.mean": {
            "value": 0.9227010798190727,
            "min": 0.9227010798190727,
            "max": 0.9227010798190727,
            "count": 1
        },
        "WhiteMLAgent.Policy.GAILExpertEstimate.sum": {
            "value": 90.42470582226912,
            "min": 90.42470582226912,
            "max": 90.42470582226912,
            "count": 1
        },
        "WhiteMLAgent.Losses.GAILLoss.mean": {
            "value": 0.18616237439798047,
            "min": 0.18616237439798047,
            "max": 0.18616237439798047,
            "count": 1
        },
        "WhiteMLAgent.Losses.GAILLoss.sum": {
            "value": 18.243912691002087,
            "min": 18.243912691002087,
            "max": 18.243912691002087,
            "count": 1
        },
        "WhiteMLAgent.Policy.GAILGradMagLoss.mean": {
            "value": 0.6630958701132282,
            "min": 0.6630958701132282,
            "max": 0.6630958701132282,
            "count": 1
        },
        "WhiteMLAgent.Policy.GAILGradMagLoss.sum": {
            "value": 64.98339527109637,
            "min": 64.98339527109637,
            "max": 64.98339527109637,
            "count": 1
        },
        "WhiteMLAgent.Losses.PretrainingLoss.mean": {
            "value": 0.26614672184905774,
            "min": 0.26614672184905774,
            "max": 0.26614672184905774,
            "count": 1
        },
        "WhiteMLAgent.Losses.PretrainingLoss.sum": {
            "value": 26.08237874120766,
            "min": 26.08237874120766,
            "max": 26.08237874120766,
            "count": 1
        },
        "WhiteMLAgent.IsTraining.mean": {
            "value": 1.0,
            "min": 1.0,
            "max": 1.0,
            "count": 1
        },
        "WhiteMLAgent.IsTraining.sum": {
            "value": 1.0,
            "min": 1.0,
            "max": 1.0,
            "count": 1
        }
    },
    "metadata": {
        "timer_format_version": "0.1.0",
        "start_time_seconds": "1685370188",
        "python_version": "3.9.13 (tags/v3.9.13:6de2ca5, May 17 2022, 16:36:42) [MSC v.1929 64 bit (AMD64)]",
        "command_line_arguments": "D:\\GitHub\\UnityChess\\venv\\Scripts\\mlagents-learn config/justWhiteImitation.yaml --run-id=JustWhite2-with-imitation-learning",
        "mlagents_version": "0.30.0",
        "mlagents_envs_version": "0.30.0",
        "communication_protocol_version": "1.5.0",