{
    "name": "root",
    "metadata": {
        "timer_format_version": "0.1.0",
        "start_time_seconds": "1718196342",
        "python_version": "3.9.13 (tags/v3.9.13:6de2ca5, May 17 2022, 16:36:42) [MSC v.1929 64 bit (AMD64)]",
        "command_line_arguments": "D:\\GitHub\\UnityChess\\venv\\Scripts\\mlagents-learn config/twoAgents.yaml --run-id=NewTwoAgentsFullBoardAction --force",
        "mlagents_version": "0.30.0",
        "mlagents_envs_version": "0.30.0",
        "communication_protocol_version": "1.5.0",
        "pytorch_version": "1.11.0+cpu",
        "numpy_version": "1.21.2",
        "end_time_seconds": "1718196477"
    },
    "total": 134.9574496,
    "count": 1,
    "self": 0.01133059999997954,
    "children": {
        "run_training.setup": {
            "total": 0.09911929999999991,
            "count": 1,
            "self": 0.09911929999999991
        },
        "TrainerController.start_learning": {
            "total": 134.8469997,
            "count": 1,
            "self": 0.055489899999741965,
            "children": {
                "TrainerController._reset_env": {
                    "total": 10.493236099999999,
                    "count": 1,
                    "self": 10.493236099999999
                },
                "TrainerController.advance": {
                    "total": 110.71173700000024,
                    "count": 2020,
                    "self": 0.08088830000085068,
                    "children": {
                        "env_step": {
                            "total": 75.06516259999975,
                            "count": 2020,
                            "self": 27.84204369999945,
                            "children": {
                                "SubprocessEnvManager._take_step": {
                                    "total": 47.188514900000214,
                                    "count": 2020,
                                    "self": 0.19557030000012077,
                                    "children": {
                                        "TorchPolicy.evaluate": {
                                            "total": 46.992944600000094,
                                            "count": 2020,
                                            "self": 46.992944600000094
                                        }
                                    }
                                },
                                "workers": {
                                    "total": 0.0346040000000869,
                                    "count": 2020,
                                    "self": 0.0,
                                    "children": {
                                        "worker_root": {
                                            "total": 109.17500819999978,
                                            "count": 2020,
                                            "is_parallel": true,
                                            "self": 85.09426850000014,
                                            "children": {
                                                "steps_from_proto": {
                                                    "total": 0.0004836999999984215,
                                                    "count": 1,
                                                    "is_parallel": true,
                                                    "self": 0.00031469999999877984,
                                                    "children": {
                                                        "_process_rank_one_or_two_observation": {
                                                            "total": 0.00016899999999964166,
                                                            "count": 2,
                                                            "is_parallel": true,
                                                            "self": 0.00016899999999964166
                                                        }
                                                    }
                                                },
                                                "UnityEnvironment.step": {
                                                    "total": 24.080255999999636,
                                                    "count": 2020,
                                                    "is_parallel": true,
                                                    "self": 0.29709859999952215,
                                                    "children": {
                                                        "UnityEnvironment._generate_step_input": {
                                                            "total": 0.2311318000002629,
                                                            "count": 2020,
                                                            "is_parallel": true,
                                                            "self": 0.2311318000002629
                                                        },
                                                        "communicator.exchange": {
                                                            "total": 22.135928399999724,
                                                            "count": 2020,
                                                            "is_parallel": true,
                                                            "self": 22.135928399999724
                                                        },
                                                        "steps_from_proto": {
                                                            "total": 1.416097200000129,
                                                            "count": 4040,
                                                            "is_parallel": true,
                                                            "self": 0.9379655999999539,
                                                            "children": {
                                                                "_process_rank_one_or_two_observation": {
                                                                    "total": 0.4781316000001752,
                                                                    "count": 8080,
                                                                    "is_parallel": true,
                                                                    "self": 0.4781316000001752
                                                                }
                                                            }
                                                        }
                                                    }
                                                }
                                            }
                                        }
                                    }
                                }
                            }
                        },
                        "trainer_advance": {
                            "total": 35.56568609999964,
                            "count": 4039,
                            "self": 0.10235749999969812,
                            "children": {
                                "process_trajectory": {
                                    "total": 3.1840697999999,
                                    "count": 4039,
                                    "self": 3.1840697999999
                                },
                                "_update_policy": {
                                    "total": 32.279258800000036,
                                    "count": 20,
                                    "self": 0.4975699000001441,
                                    "children": {
                                        "TorchPPOOptimizer.update": {
                                            "total": 31.781688899999892,
                                            "count": 593,