{
    "name": "root",
    "metadata": {
        "timer_format_version": "0.1.0",
        "start_time_seconds": "1718212769",
        "python_version": "3.9.13 (tags/v3.9.13:6de2ca5, May 17 2022, 16:36:42) [MSC v.1929 64 bit (AMD64)]",
        "command_line_arguments": "D:\\GitHub\\UnityChess\\venv\\Scripts\\mlagents-learn config/twoAgents.yaml --run-id=NewTwoAgentsFullBoardAction --resume",
        "mlagents_version": "0.30.0",
        "mlagents_envs_version": "0.30.0",
        "communication_protocol_version": "1.5.0",
        "pytorch_version": "1.11.0+cpu",
        "numpy_version": "1.21.2",
        "end_time_seconds": "1718212815"
    },
    "total": 45.9272121,
    "count": 1,
    "self": 0.00944409999999607,
    "children": {
        "run_training.setup": {
            "total": 0.16024839999999996,
            "count": 1,
            "self": 0.16024839999999996
        },
        "TrainerController.start_learning": {
            "total": 45.7575196,
            "count": 1,
            "self": 0.013782000000020389,
            "children": {
                "TrainerController._reset_env": {
                    "total": 6.7420426,
                    "count": 1,
                    "self": 6.7420426
                },
                "TrainerController.advance": {
                    "total": 37.76797669999998,
                    "count": 517,
                    "self": 0.019447899999917695,
                    "children": {
                        "env_step": {
                            "total": 28.875053600000076,
                            "count": 517,
                            "self": 17.25056140000007,
                            "children": {
                                "SubprocessEnvManager._take_step": {
                                    "total": 11.616324900000043,
                                    "count": 517,
                                    "self": 0.04563090000005943,
                                    "children": {
                                        "TorchPolicy.evaluate": {
                                            "total": 11.570693999999984,
                                            "count": 517,
                                            "self": 11.570693999999984
                                        }
                                    }
                                },
                                "workers": {
                                    "total": 0.008167299999962907,
                                    "count": 516,
                                    "self": 0.0,
                                    "children": {
                                        "worker_root": {
                                            "total": 32.24903849999999,
                                            "count": 516,
                                            "is_parallel": true,
                                            "self": 21.482824800000035,
                                            "children": {
                                                "steps_from_proto": {
                                                    "total": 0.00045109999999937145,
                                                    "count": 1,
                                                    "is_parallel": true,
                                                    "self": 0.00030339999999906553,
                                                    "children": {
                                                        "_process_rank_one_or_two_observation": {
                                                            "total": 0.00014770000000030592,
                                                            "count": 2,
                                                            "is_parallel": true,
                                                            "self": 0.00014770000000030592
                                                        }
                                                    }
                                                },
                                                "UnityEnvironment.step": {
                                                    "total": 10.765762599999956,
                                                    "count": 516,
                                                    "is_parallel": true,
                                                    "self": 0.07926689999988668,
                                                    "children": {
                                                        "UnityEnvironment._generate_step_input": {
                                                            "total": 0.05610940000005282,
                                                            "count": 516,
                                                            "is_parallel": true,
                                                            "self": 0.05610940000005282
                                                        },
                                                        "communicator.exchange": {
                                                            "total": 10.231528899999983,
                                                            "count": 516,
                                                            "is_parallel": true,
                                                            "self": 10.231528899999983
                                                        },
                                                        "steps_from_proto": {
                                                            "total": 0.39885740000003356,
                                                            "count": 1032,
                                                            "is_parallel": true,
                                                            "self": 0.26295999999996056,
                                                            "children": {
                                                                "_process_rank_one_or_two_observation": {
                                                                    "total": 0.135897400000073,
                                                                    "count": 2064,
                                                                    "is_parallel": true,
                                                                    "self": 0.135897400000073
                                                                }
                                                            }
                                                        }
                                                    }
                                                }
                                            }
                                        }
                                    }
                                }
                            }
                        },
                        "trainer_advance": {
                            "total": 8.87347519999998,
                            "count": 1032,
                            "self": 0.025373799999986346,
                            "children": {
                                "process_trajectory": {
                                    "total": 0.7539000999999921,
                                    "count": 1032,
                                    "self": 0.7539000999999921
                                },
                                "_update_policy": {
                                    "total": 8.094201300000002,
                                    "count": 5,
                                    "self": 0.11849250000003408,
                                    "children": {
                                        "TorchPPOOptimizer.update": {
                                            "total": 7.975708799999968,
                                            "count": 150,