{
    "name": "root",
    "metadata": {
        "timer_format_version": "0.1.0",
        "start_time_seconds": "1718206581",
        "python_version": "3.9.13 (tags/v3.9.13:6de2ca5, May 17 2022, 16:36:42) [MSC v.1929 64 bit (AMD64)]",
        "command_line_arguments": "D:\\GitHub\\UnityChess\\venv\\Scripts\\mlagents-learn config/twoAgents.yaml --run-id=NewTwoAgentsFullBoardAction --force",
        "mlagents_version": "0.30.0",
        "mlagents_envs_version": "0.30.0",
        "communication_protocol_version": "1.5.0",
        "pytorch_version": "1.11.0+cpu",
        "numpy_version": "1.21.2",
        "end_time_seconds": "1718206642"
    },
    "total": 60.5070434,
    "count": 1,
    "self": 0.007526200000000927,
    "children": {
        "run_training.setup": {
            "total": 0.1312723,
            "count": 1,
            "self": 0.1312723
        },
        "TrainerController.start_learning": {
            "total": 60.3682449,
            "count": 1,
            "self": 0.01638520000003041,
            "children": {
                "TrainerController._reset_env": {
                    "total": 5.0178970000000005,
                    "count": 1,
                    "self": 5.0178970000000005
                },
                "TrainerController.advance": {
                    "total": 39.026459099999975,
                    "count": 583,
                    "self": 0.019898799999971573,
                    "children": {
                        "env_step": {
                            "total": 30.685871300000002,
                            "count": 583,
                            "self": 18.2091050000001,
                            "children": {
                                "SubprocessEnvManager._take_step": {
                                    "total": 12.46769529999994,
                                    "count": 583,
                                    "self": 0.050885699999932754,
                                    "children": {
                                        "TorchPolicy.evaluate": {
                                            "total": 12.416809600000008,
                                            "count": 583,
                                            "self": 12.416809600000008
                                        }
                                    }
                                },
                                "workers": {
                                    "total": 0.009070999999962304,
                                    "count": 582,
                                    "self": 0.0,
                                    "children": {
                                        "worker_root": {
                                            "total": 39.018004000000055,
                                            "count": 582,
                                            "is_parallel": true,
                                            "self": 21.83207319999996,
                                            "children": {
                                                "steps_from_proto": {
                                                    "total": 0.0004933000000004739,
                                                    "count": 1,
                                                    "is_parallel": true,
                                                    "self": 0.0003236000000006456,
                                                    "children": {
                                                        "_process_rank_one_or_two_observation": {
                                                            "total": 0.00016969999999982832,
                                                            "count": 2,
                                                            "is_parallel": true,
                                                            "self": 0.00016969999999982832
                                                        }
                                                    }
                                                },
                                                "UnityEnvironment.step": {
                                                    "total": 17.18543750000009,
                                                    "count": 582,
                                                    "is_parallel": true,
                                                    "self": 0.08144540000014189,
                                                    "children": {
                                                        "UnityEnvironment._generate_step_input": {
                                                            "total": 0.06403929999998059,
                                                            "count": 582,
                                                            "is_parallel": true,
                                                            "self": 0.06403929999998059
                                                        },
                                                        "communicator.exchange": {
                                                            "total": 16.623595800000025,
                                                            "count": 582,
                                                            "is_parallel": true,
                                                            "self": 16.623595800000025
                                                        },
                                                        "steps_from_proto": {
                                                            "total": 0.41635699999994635,
                                                            "count": 1164,
                                                            "is_parallel": true,
                                                            "self": 0.27558859999988083,
                                                            "children": {
                                                                "_process_rank_one_or_two_observation": {
                                                                    "total": 0.14076840000006552,
                                                                    "count": 2328,
                                                                    "is_parallel": true,
                                                                    "self": 0.14076840000006552
                                                                }
                                                            }
                                                        }
                                                    }
                                                }
                                            }
                                        }
                                    }
                                }
                            }
                        },
                        "trainer_advance": {
                            "total": 8.320689000000002,
                            "count": 1164,
                            "self": 0.028117100000212503,
                            "children": {
                                "process_trajectory": {
                                    "total": 0.8274950999997932,
                                    "count": 1164,
                                    "self": 0.8274950999997932
                                },
                                "_update_policy": {
                                    "total": 7.465076799999995,
                                    "count": 5,
                                    "self": 0.1159167000000032,
                                    "children": {
                                        "TorchPPOOptimizer.update": {
                                            "total": 7.349160099999992,
                                            "count": 150,