{
    "name": "root",
    "gauges": {
        "BlackMLAgent.Policy.Entropy.mean": {
            "value": 4.106777191162109,
            "min": 4.106777191162109,
            "max": 4.645164966583252,
            "count": 3
        },
        "BlackMLAgent.Policy.Entropy.sum": {
            "value": 41047.23828125,
            "min": 255.48406982421875,
            "max": 41306.86328125,
            "count": 3
        },
        "BlackMLAgent.Environment.EpisodeLength.mean": {
            "value": 96.99019607843137,
            "min": 54.0,
            "max": 96.99019607843137,
            "count": 3
        },
        "BlackMLAgent.Environment.EpisodeLength.sum": {
            "value": 9893.0,
            "min": 54.0,
            "max": 9893.0,
            "count": 3
        },
        "BlackMLAgent.IsTraining.mean": {
            "value": 1.0,
            "min": 1.0,
            "max": 1.0,
            "count": 3
        },
        "BlackMLAgent.IsTraining.sum": {
            "value": 1.0,
            "min": 1.0,
            "max": 1.0,
            "count": 3
        },
        "WhiteMLAgent.Policy.Entropy.mean": {
            "value": 4.04863977432251,
            "min": 4.04863977432251,
            "max": 4.135525703430176,
            "count": 2
        },
        "WhiteMLAgent.Policy.Entropy.sum": {
            "value": 40539.03125,
            "min": 35979.07421875,
            "max": 40539.03125,
            "count": 2
        },
        "WhiteMLAgent.Environment.EpisodeLength.mean": {
            "value": 99.4949494949495,
            "min": 96.75280898876404,
            "max": 99.4949494949495,
            "count": 2
        },
        "WhiteMLAgent.Environment.EpisodeLength.sum": {
            "value": 9850.0,
            "min": 8611.0,
            "max": 9850.0,
            "count": 2
        },
        "WhiteMLAgent.Step.mean": {
            "value": 279972.0,
            "min": 269976.0,
            "max": 279972.0,
            "count": 2
        },
        "WhiteMLAgent.Step.sum": {
            "value": 279972.0,
            "min": 269976.0,
            "max": 279972.0,
            "count": 2
        },
        "WhiteMLAgent.Policy.ExtrinsicValueEstimate.mean": {
            "value": -11.193121910095215,
            "min": -152.7185821533203,
            "max": -11.193121910095215,
            "count": 2
        },
        "WhiteMLAgent.Policy.ExtrinsicValueEstimate.sum": {
            "value": -2328.16943359375,
            "min": -27794.783203125,
            "max": -2328.16943359375,
            "count": 2
        },
        "WhiteMLAgent.Environment.CumulativeReward.mean": {
            "value": 0.03,
            "min": -568.125,
            "max": 0.03,
            "count": 2
        },
        "WhiteMLAgent.Environment.CumulativeReward.sum": {
            "value": 3.0,
            "min": -49995.0,
            "max": 3.0,
            "count": 2
        },
        "WhiteMLAgent.Policy.ExtrinsicReward.mean": {
            "value": 0.03,
            "min": -568.125,
            "max": 0.03,
            "count": 2
        },
        "WhiteMLAgent.Policy.ExtrinsicReward.sum": {
            "value": 3.0,
            "min": -49995.0,
            "max": 3.0,
            "count": 2
        },
        "WhiteMLAgent.Losses.PolicyLoss.mean": {
            "value": 0.24284102296818094,
            "min": 0.24284102296818094,
            "max": 0.24889392295373305,
            "count": 2
        },
        "WhiteMLAgent.Losses.PolicyLoss.sum": {
            "value": 19.184440814486294,
            "min": 15.929211069038915,
            "max": 19.184440814486294,
            "count": 2
        },
        "WhiteMLAgent.Losses.ValueLoss.mean": {
            "value": 778552.0164849887,
            "min": 778552.0164849887,
            "max": 2016343.4070552369,
            "count": 2
        },
        "WhiteMLAgent.Losses.ValueLoss.sum": {
            "value": 61505609.30231411,
            "min": 61505609.30231411,
            "max": 129045978.05153516,
            "count": 2
        },
        "WhiteMLAgent.Policy.LearningRate.mean": {
            "value": 0.0001350161638553899,
            "min": 0.0001350161638553899,
            "max": 0.00014058505001333439,
            "count": 2
        },
        "WhiteMLAgent.Policy.LearningRate.sum": {
            "value": 0.010666276944575802,
            "min": 0.0089974432008534,
            "max": 0.010666276944575802,
            "count": 2
        },
        "WhiteMLAgent.Policy.Epsilon.mean": {
            "value": 0.1450053696202532,
            "min": 0.1450053696202532,
            "max": 0.14686166562500003,
            "count": 2
        },
        "WhiteMLAgent.Policy.Epsilon.sum": {
            "value": 11.455424200000003,
            "min": 9.399146600000002,
            "max": 11.455424200000003,
            "count": 2
        },
        "WhiteMLAgent.Policy.Beta.mean": {
            "value": 0.0005000000000000001,
            "min": 0.0005,
            "max": 0.0005000000000000001,
            "count": 2
        },
        "WhiteMLAgent.Policy.Beta.sum": {
            "value": 0.03950000000000001,
            "min": 0.032,
            "max": 0.03950000000000001,
            "count": 2
        },
        "WhiteMLAgent.IsTraining.mean": {
            "value": 1.0,
            "min": 1.0,
            "max": 1.0,
            "count": 2
        },
        "WhiteMLAgent.IsTraining.sum": {
            "value": 1.0,
            "min": 1.0,
            "max": 1.0,
            "count": 2
        },
        "BlackMLAgent.Step.mean": {
            "value": 279951.0,
            "min": 269956.0,
            "max": 279951.0,
            "count": 2
        },
        "BlackMLAgent.Step.sum": {
            "value": 279951.0,
            "min": 269956.0,
            "max": 279951.0,
            "count": 2
        },
        "BlackMLAgent.Policy.ExtrinsicValueEstimate.mean": {
            "value": 30.27618408203125,
            "min": 30.27618408203125,
            "max": 141.6593475341797,
            "count": 2
        },
        "BlackMLAgent.Policy.ExtrinsicValueEstimate.sum": {
            "value": 6297.4462890625,
            "min": 6297.4462890625,
            "max": 29890.123046875,
            "count": 2
        },
        "BlackMLAgent.Environment.CumulativeReward.mean": {
            "value": 294.15686274509807,
            "min": 294.15686274509807,
            "max": 485.50485436893206,
            "count": 2
        },
        "BlackMLAgent.Environment.CumulativeReward.sum": {
            "value": 30004.0,
            "min": 30004.0,
            "max": 50007.0,
            "count": 2
        },
        "BlackMLAgent.Policy.ExtrinsicReward.mean": {
            "value": 294.15686274509807,
            "min": 294.15686274509807,
            "max": 485.50485436893206,
            "count": 2
        },
        "BlackMLAgent.Policy.ExtrinsicReward.sum": {
            "value": 30004.0,
            "min": 30004.0,
            "max": 50007.0,
            "count": 2
        },
        "BlackMLAgent.Losses.PolicyLoss.mean": {
            "value": 0.24326279089161904,
            "min": 0.24326279089161904,
            "max": 0.24452096465848558,
            "count": 2
        },
        "BlackMLAgent.Losses.PolicyLoss.sum": {
            "value": 18.731234898654666,
            "min": 18.583593314044904,
            "max": 18.731234898654666,
            "count": 2
        },
        "BlackMLAgent.Losses.ValueLoss.mean": {
            "value": 1350182.8174628785,
            "min": 1350182.8174628785,
            "max": 1747259.3126646224,
            "count": 2
        },
        "BlackMLAgent.Losses.ValueLoss.sum": {
            "value": 103964076.94464165,
            "min": 103964076.94464165,
            "max": 132791707.7625113,
            "count": 2
        },
        "BlackMLAgent.Policy.LearningRate.mean": {
            "value": 0.0001350032264275143,